Year,Old Region,New Region,Code,Candidate,Party,Votes,Votes(%)
2020,Brong Ahafo Region,Ahafo Region,NPP,Nana Akufo Addo,NPP,145584,55.04%
2020,Brong Ahafo Region,Ahafo Region,NDC,John Dramani Mahama,NDC,116485,44.04%
2020,Brong Ahafo Region,Ahafo Region,Others,Ivor Kobina Greenstreet,CPP,191,0.07%
2020,Brong Ahafo Region,Ahafo Region,Others,David Asibi Ayindenaba Apasera,PNC,83,0.03%
2020,Brong Ahafo Region,Ahafo Region,Others,Alfred Kwame Asiedu Walker,IND,103,0.04%
2020,Brong Ahafo Region,Ahafo Region,Others,Percival Kofi Akpaloo,LPG,112,0.04%
2020,Brong Ahafo Region,Ahafo Region,Others,Hassan Ayariga,APC,150,0.06%
2020,Brong Ahafo Region,Ahafo Region,Others,Bridget Dzogbenuku,PPP,51,0.02%
2020,Brong Ahafo Region,Ahafo Region,Others,Akua Donkor,GFP,49,0.02%
2020,Brong Ahafo Region,Ahafo Region,Others,Christian Kwabena Andrews,GUM,1490,0.56%
2020,Brong Ahafo Region,Ahafo Region,Others,Henry Herbert Lartey,GCPP,51,0.02%
2020,Brong Ahafo Region,Ahafo Region,Others,Nana Konadu Agyeman Rawlings,NDP,135,0.05%
2020,Ashanti Region,Ashanti Region,NPP,Nana Akufo Addo,NPP,1795824,72.79%
2020,Ashanti Region,Ashanti Region,NDC,John Dramani Mahama,NDC,653149,26.47%
2020,Ashanti Region,Ashanti Region,OTHERS,Ivor Kobina Greenstreet,CPP,1356,0.05%
2020,Ashanti Region,Ashanti Region,OTHERS,David Asibi Ayindenaba Apasera,PNC,444,0.02%
2020,Ashanti Region,Ashanti Region,OTHERS,Alfred Kwame Asiedu Walker,IND,952,0.04%
2020,Ashanti Region,Ashanti Region,OTHERS,Percival Kofi Akpaloo,LPG,712,0.03%
2020,Ashanti Region,Ashanti Region,OTHERS,Hassan Ayariga,APC,482,0.02%
2020,Ashanti Region,Ashanti Region,OTHERS,Bridget Dzogbenuku,PPP,435,0.02%
2020,Ashanti Region,Ashanti Region,OTHERS,Akua Donkor,GFP,593,0.02%
2020,Ashanti Region,Ashanti Region,OTHERS,Christian Kwabena Andrews,GUM,12564,0.51%
2020,Ashanti Region,Ashanti Region,OTHERS,Henry Herbert Lartey,GCPP,304,0.01%
2020,Ashanti Region,Ashanti Region,OTHERS,Nana Konadu Agyeman Rawlings,NDP,476,0.02%
2020,Brong Ahafo Region,Bono Region,NPP,Nana Akufo Addo,NPP,292604,58.23%
2020,Brong Ahafo Region,Bono Region,NDC,John Dramani Mahama,NDC,203279,40.45%
2020,Brong Ahafo Region,Bono Region,Others,Ivor Kobina Greenstreet,CPP,338,0.07%
2020,Brong Ahafo Region,Bono Region,Others,David Asibi Ayindenaba Apasera,PNC,209,0.04%
2020,Brong Ahafo Region,Bono Region,Others,Alfred Kwame Asiedu Walker,IND,374,0.07%
2020,Brong Ahafo Region,Bono Region,Others,Percival Kofi Akpaloo,LPG,216,0.04%
2020,Brong Ahafo Region,Bono Region,Others,Hassan Ayariga,APC,255,0.05%
2020,Brong Ahafo Region,Bono Region,Others,Bridget Dzogbenuku,PPP,214,0.04%
2020,Brong Ahafo Region,Bono Region,Others,Akua Donkor,GFP,165,0.03%
2020,Brong Ahafo Region,Bono Region,Others,Christian Kwabena Andrews,GUM,4514,0.90%
2020,Brong Ahafo Region,Bono Region,Others,Henry Herbert Lartey,GCPP,132,0.03%
2020,Brong Ahafo Region,Bono Region,Others,Nana Konadu Agyeman Rawlings,NDP,235,0.05%
2020,Brong Ahafo Region,Bono East Region,NPP,Nana Akufo Addo,NPP,199720,42.33%
2020,Brong Ahafo Region,Bono East Region,NDC,John Dramani Mahama,NDC,265728,56.32%
2020,Brong Ahafo Region,Bono East Region,Others,Ivor Kobina Greenstreet,CPP,426,0.09%
2020,Brong Ahafo Region,Bono East Region,Others,David Asibi Ayindenaba Apasera,PNC,276,0.06%
2020,Brong Ahafo Region,Bono East Region,Others,Alfred Kwame Asiedu Walker,IND,446,0.09%
2020,Brong Ahafo Region,Bono East Region,Others,Percival Kofi Akpaloo,LPG,328,0.07%
2020,Brong Ahafo Region,Bono East Region,Others,Hassan Ayariga,APC,463,0.10%
2020,Brong Ahafo Region,Bono East Region,Others,Bridget Dzogbenuku,PPP,239,0.05%
2020,Brong Ahafo Region,Bono East Region,Others,Akua Donkor,GFP,167,0.04%
2020,Brong Ahafo Region,Bono East Region,Others,Christian Kwabena Andrews,GUM,3643,0.77%
2020,Brong Ahafo Region,Bono East Region,Others,Henry Herbert Lartey,GCPP,169,0.04%
2020,Brong Ahafo Region,Bono East Region,Others,Nana Konadu Agyeman Rawlings,NDP,239,0.05%
2020,Central Region,Central Region,NPP,Nana Akufo Addo,NPP,613804,52.31%
2020,Central Region,Central Region,NDC,John Dramani Mahama,NDC,538829,45.92%
2020,Central Region,Central Region,Others,Ivor Kobina Greenstreet,CPP,1117,0.10%
2020,Central Region,Central Region,Others,David Asibi Ayindenaba Apasera,PNC,292,0.02%
2020,Central Region,Central Region,Others,Alfred Kwame Asiedu Walker,IND,841,0.07%
2020,Central Region,Central Region,Others,Percival Kofi Akpaloo,LPG,617,0.05%
2020,Central Region,Central Region,Others,Hassan Ayariga,APC,448,0.04%
2020,Central Region,Central Region,Others,Bridget Dzogbenuku,PPP,1056,0.09%
2020,Central Region,Central Region,Others,Akua Donkor,GFP,520,0.04%
2020,Central Region,Central Region,Others,Christian Kwabena Andrews,GUM,15160,1.29%
2020,Central Region,Central Region,Others,Henry Herbert Lartey,GCPP,363,0.03%
2020,Central Region,Central Region,Others,Nana Konadu Agyeman Rawlings,NDP,430,0.04%
2020,Eastern Region,Eastern Region,NPP,Nana Akufo Addo,NPP,752061,60.80%
2020,Eastern Region,Eastern Region,NDC,John Dramani Mahama,NDC,470999,38.08%
2020,Eastern Region,Eastern Region,Others,Ivor Kobina Greenstreet,CPP,854,0.07%
2020,Eastern Region,Eastern Region,Others,David Asibi Ayindenaba Apasera,PNC,278,0.02%
2020,Eastern Region,Eastern Region,Others,Alfred Kwame Asiedu Walker,IND,642,0.05%
2020,Eastern Region,Eastern Region,Others,Percival Kofi Akpaloo,LPG,510,0.04%
2020,Eastern Region,Eastern Region,Others,Hassan Ayariga,APC,466,0.04%
2020,Eastern Region,Eastern Region,Others,Bridget Dzogbenuku,PPP,363,0.03%
2020,Eastern Region,Eastern Region,Others,Akua Donkor,GFP,379,0.03%
2020,Eastern Region,Eastern Region,Others,Christian Kwabena Andrews,GUM,9819,0.79%
2020,Eastern Region,Eastern Region,Others,Henry Herbert Lartey,GCPP,211,0.02%
2020,Eastern Region,Eastern Region,Others,Nana Konadu Agyeman Rawlings,NDP,358,0.03%
2020,Greater Accra Region,Greater Accra Region,NPP,Nana Akufo Addo,NPP,1253179,48.15%
2020,Greater Accra Region,Greater Accra Region,NDC,John Dramani Mahama,NDC,1326489,50.97%
2020,Greater Accra Region,Greater Accra Region,Others,Ivor Kobina Greenstreet,CPP,1763,0.07%
2020,Greater Accra Region,Greater Accra Region,Others,David Asibi Ayindenaba Apasera,PNC,401,0.02%
2020,Greater Accra Region,Greater Accra Region,Others,Alfred Kwame Asiedu Walker,IND,511,0.02%
2020,Greater Accra Region,Greater Accra Region,Others,Percival Kofi Akpaloo,LPG,524,0.02%
2020,Greater Accra Region,Greater Accra Region,Others,Hassan Ayariga,APC,628,0.02%
2020,Greater Accra Region,Greater Accra Region,Others,Bridget Dzogbenuku,PPP,1220,0.05%
2020,Greater Accra Region,Greater Accra Region,Others,Akua Donkor,GFP,767,0.03%
2020,Greater Accra Region,Greater Accra Region,Others,Christian Kwabena Andrews,GUM,16112,0.62%
2020,Greater Accra Region,Greater Accra Region,Others,Henry Herbert Lartey,GCPP,231,0.01%
2020,Greater Accra Region,Greater Accra Region,Others,Nana Konadu Agyeman Rawlings,NDP,685,0.03%
2020,Northern Region,North East Region,NPP,Nana Akufo Addo,NPP,122742,51.33%
2020,Northern Region,North East Region,NDC,John Dramani Mahama,NDC,112306,46.97%
2020,Northern Region,North East Region,Others,Ivor Kobina Greenstreet,CPP,292,0.12%
2020,Northern Region,North East Region,Others,David Asibi Ayindenaba Apasera,PNC,579,0.24%
2020,Northern Region,North East Region,Others,Alfred Kwame Asiedu Walker,IND,322,0.13%
2020,Northern Region,North East Region,Others,Percival Kofi Akpaloo,LPG,505,0.21%
2020,Northern Region,North East Region,Others,Hassan Ayariga,APC,376,0.16%
2020,Northern Region,North East Region,Others,Bridget Dzogbenuku,PPP,205,0.09%
2020,Northern Region,North East Region,Others,Akua Donkor,GFP,324,0.14%
2020,Northern Region,North East Region,Others,Christian Kwabena Andrews,GUM,952,0.40%
2020,Northern Region,North East Region,Others,Henry Herbert Lartey,GCPP,198,0.08%
2020,Northern Region,North East Region,Others,Nana Konadu Agyeman Rawlings,NDP,322,0.13%
2020,Northern Region,Northern Region,NPP,Nana Akufo Addo,NPP,409063,45.61%
2020,Northern Region,Northern Region,NDC,John Dramani Mahama,NDC,476650,53.14%
2020,Northern Region,Northern Region,Others,Ivor Kobina Greenstreet,CPP,1516,0.17%
2020,Northern Region,Northern Region,Others,David Asibi Ayindenaba Apasera,PNC,1209,0.13%
2020,Northern Region,Northern Region,Others,Alfred Kwame Asiedu Walker,IND,1260,0.14%
2020,Northern Region,Northern Region,Others,Percival Kofi Akpaloo,LPG,1281,0.14%
2020,Northern Region,Northern Region,Others,Hassan Ayariga,APC,899,0.10%
2020,Northern Region,Northern Region,Others,Bridget Dzogbenuku,PPP,499,0.06%
2020,Northern Region,Northern Region,Others,Akua Donkor,GFP,394,0.04%
2020,Northern Region,Northern Region,Others,Christian Kwabena Andrews,GUM,3184,0.35%
2020,Northern Region,Northern Region,Others,Henry Herbert Lartey,GCPP,438,0.05%
2020,Northern Region,Northern Region,Others,Nana Konadu Agyeman Rawlings,NDP,545,0.06%
2020,Volta Region,Oti Region,NPP,Nana Akufo Addo,NPP,103865,35.88%
2020,Volta Region,Oti Region,NDC,John Dramani Mahama,NDC,181021,62.53%
2020,Volta Region,Oti Region,Others,Ivor Kobina Greenstreet,CPP,265,0.09%
2020,Volta Region,Oti Region,Others,David Asibi Ayindenaba Apasera,PNC,371,0.13%
2020,Volta Region,Oti Region,Others,Alfred Kwame Asiedu Walker,IND,282,0.10%
2020,Volta Region,Oti Region,Others,Percival Kofi Akpaloo,LPG,228,0.08%
2020,Volta Region,Oti Region,Others,Hassan Ayariga,APC,195,0.07%
2020,Volta Region,Oti Region,Others,Bridget Dzogbenuku,PPP,240,0.08%
2020,Volta Region,Oti Region,Others,Akua Donkor,GFP,200,0.07%
2020,Volta Region,Oti Region,Others,Christian Kwabena Andrews,GUM,2459,0.85%
2020,Volta Region,Oti Region,Others,Henry Herbert Lartey,GCPP,97,0.03%
2020,Volta Region,Oti Region,Others,Nana Konadu Agyeman Rawlings,NDP,253,0.09%
2020,Northern Region,Savannah Region,NPP,Nana Akufo Addo,NPP,80605,35.19%
2020,Northern Region,Savannah Region,NDC,John Dramani Mahama,NDC,144244,62.97%
2020,Northern Region,Savannah Region,Others,Ivor Kobina Greenstreet,CPP,503,0.22%
2020,Northern Region,Savannah Region,Others,David Asibi Ayindenaba Apasera,PNC,344,0.15%
2020,Northern Region,Savannah Region,Others,Alfred Kwame Asiedu Walker,IND,435,0.19%
2020,Northern Region,Savannah Region,Others,Percival Kofi Akpaloo,LPG,322,0.14%
2020,Northern Region,Savannah Region,Others,Hassan Ayariga,APC,387,0.17%
2020,Northern Region,Savannah Region,Others,Bridget Dzogbenuku,PPP,160,0.07%
2020,Northern Region,Savannah Region,Others,Akua Donkor,GFP,212,0.09%
2020,Northern Region,Savannah Region,Others,Christian Kwabena Andrews,GUM,1409,0.62%
2020,Northern Region,Savannah Region,Others,Henry Herbert Lartey,GCPP,185,0.08%
2020,Northern Region,Savannah Region,Others,Nana Konadu Agyeman Rawlings,NDP,279,0.12%
2020,Upper East Region,Upper East Region,NPP,Nana Akufo Addo,NPP,170340,32.84%
2020,Upper East Region,Upper East Region,NDC,John Dramani Mahama,NDC,335502,64.68%
2020,Upper East Region,Upper East Region,Others,Ivor Kobina Greenstreet,CPP,879,0.17%
2020,Upper East Region,Upper East Region,Others,David Asibi Ayindenaba Apasera,PNC,2890,0.56%
2020,Upper East Region,Upper East Region,Others,Alfred Kwame Asiedu Walker,IND,1321,0.25%
2020,Upper East Region,Upper East Region,Others,Percival Kofi Akpaloo,LPG,868,0.17%
2020,Upper East Region,Upper East Region,Others,Hassan Ayariga,APC,919,0.18%
2020,Upper East Region,Upper East Region,Others,Bridget Dzogbenuku,PPP,685,0.13%
2020,Upper East Region,Upper East Region,Others,Akua Donkor,GFP,832,0.16%
2020,Upper East Region,Upper East Region,Others,Christian Kwabena Andrews,GUM,3100,0.60%
2020,Upper East Region,Upper East Region,Others,Henry Herbert Lartey,GCPP,359,0.07%
2020,Upper East Region,Upper East Region,Others,Nana Konadu Agyeman Rawlings,NDP,1017,0.20%
2020,Upper West Region,Upper West Region,NPP,Nana Akufo Addo,NPP,121230,32.80%
2020,Upper West Region,Upper West Region,NDC,John Dramani Mahama,NDC,238972,64.65%
2020,Upper West Region,Upper West Region,Others,Ivor Kobina Greenstreet,CPP,640,0.17%
2020,Upper West Region,Upper West Region,Others,David Asibi Ayindenaba Apasera,PNC,2794,0.76%
2020,Upper West Region,Upper West Region,Others,Alfred Kwame Asiedu Walker,IND,1094,0.30%
2020,Upper West Region,Upper West Region,Others,Percival Kofi Akpaloo,LPG,742,0.20%
2020,Upper West Region,Upper West Region,Others,Hassan Ayariga,APC,487,0.13%
2020,Upper West Region,Upper West Region,Others,Bridget Dzogbenuku,PPP,328,0.09%
2020,Upper West Region,Upper West Region,Others,Akua Donkor,GFP,360,0.10%
2020,Upper West Region,Upper West Region,Others,Christian Kwabena Andrews,GUM,2240,0.61%
2020,Upper West Region,Upper West Region,Others,Henry Herbert Lartey,GCPP,354,0.10%
2020,Upper West Region,Upper West Region,Others,Nana Konadu Agyeman Rawlings,NDP,406,0.11%
2020,Volta Region,Volta Region,NPP,Nana Akufo Addo,NPP,100481,14.05%
2020,Volta Region,Volta Region,NDC,John Dramani Mahama,NDC,606508,84.83%
2020,Volta Region,Volta Region,Others,Ivor Kobina Greenstreet,CPP,705,0.10%
2020,Volta Region,Volta Region,Others,David Asibi Ayindenaba Apasera,PNC,220,0.03%
2020,Volta Region,Volta Region,Others,Alfred Kwame Asiedu Walker,IND,442,0.06%
2020,Volta Region,Volta Region,Others,Percival Kofi Akpaloo,LPG,237,0.03%
2020,Volta Region,Volta Region,Others,Hassan Ayariga,APC,406,0.06%
2020,Volta Region,Volta Region,Others,Bridget Dzogbenuku,PPP,314,0.04%
2020,Volta Region,Volta Region,Others,Akua Donkor,GFP,180,0.03%
2020,Volta Region,Volta Region,Others,Christian Kwabena Andrews,GUM,4679,0.65%
2020,Volta Region,Volta Region,Others,Henry Herbert Lartey,GCPP,158,0.02%
2020,Volta Region,Volta Region,Others,Nana Konadu Agyeman Rawlings,NDP,617,0.09%
2020,Western Region,Western Region,NPP,Nana Akufo Addo,NPP,439724,50.93%
2020,Western Region,Western Region,NDC,John Dramani Mahama,NDC,398549,46.16%
2020,Western Region,Western Region,Others,Ivor Kobina Greenstreet,CPP,1143,0.13%
2020,Western Region,Western Region,Others,David Asibi Ayindenaba Apasera,PNC,305,0.04%
2020,Western Region,Western Region,Others,Alfred Kwame Asiedu Walker,IND,508,0.06%
2020,Western Region,Western Region,Others,Percival Kofi Akpaloo,LPG,367,0.04%
2020,Western Region,Western Region,Others,Hassan Ayariga,APC,400,0.05%
2020,Western Region,Western Region,Others,Bridget Dzogbenuku,PPP,787,0.09%
2020,Western Region,Western Region,Others,Akua Donkor,GFP,379,0.04%
2020,Western Region,Western Region,Others,Christian Kwabena Andrews,GUM,20638,2.39%
2020,Western Region,Western Region,Others,Henry Herbert Lartey,GCPP,223,0.03%
2020,Western Region,Western Region,Others,Nana Konadu Agyeman Rawlings,NDP,417,0.05%
2020,Western Region,Western North Region,NPP,Nana Akufo Addo,NPP,175240,46.41%
2020,Western Region,Western North Region,NDC,John Dramani Mahama,NDC,196556,52.05%
2020,Western Region,Western North Region,Others,Ivor Kobina Greenstreet,CPP,261,0.07%
2020,Western Region,Western North Region,Others,David Asibi Ayindenaba Apasera,PNC,202,0.05%
2020,Western Region,Western North Region,Others,Alfred Kwame Asiedu Walker,IND,255,0.07%
2020,Western Region,Western North Region,Others,Percival Kofi Akpaloo,LPG,170,0.05%
2020,Western Region,Western North Region,Others,Hassan Ayariga,APC,210,0.06%
2020,Western Region,Western North Region,Others,Bridget Dzogbenuku,PPP,86,0.02%
2020,Western Region,Western North Region,Others,Akua Donkor,GFP,119,0.03%
2020,Western Region,Western North Region,Others,Christian Kwabena Andrews,GUM,4302,1.14%
2020,Western Region,Western North Region,Others,Henry Herbert Lartey,GCPP,109,0.03%
2020,Western Region,Western North Region,Others,Nana Konadu Agyeman Rawlings,NDP,117,0.03%
2016,Brong Ahafo Region,Ahafo Region,NPP,Nana Akufo Addo,NPP,123139,55.11%
2016,Brong Ahafo Region,Ahafo Region,NDC,John Dramani Mahama,NDC,98272,43.98%
2016,Brong Ahafo Region,Ahafo Region,Others,Ivor Kobina Greenstreet,CPP,230,0.10%
2016,Brong Ahafo Region,Ahafo Region,Others,David Asibi Ayindenaba Apasera,PNC,185,0.08%
2016,Brong Ahafo Region,Ahafo Region,Others,Alfred Kwame Asiedu Walker,IND,82,0.04%
2016,Brong Ahafo Region,Ahafo Region,Others,Bridget Dzogbenuku,PPP,1205,0.54%
2016,Brong Ahafo Region,Ahafo Region,Others,Nana Konadu Agyeman Rawlings,NDP,37,0.02%
2016,Ashanti Region,Ashanti Region,NPP,Nana Akufo Addo,NPP,1640694,75.98%
2016,Ashanti Region,Ashanti Region,NDC,John Dramani Mahama,NDC,503497,23.32%
2016,Ashanti Region,Ashanti Region,Others,Ivor Kobina Greenstreet,CPP,1817,0.08%
2016,Ashanti Region,Ashanti Region,Others,David Asibi Ayindenaba Apasera,PNC,1317,0.06%
2016,Ashanti Region,Ashanti Region,Others,Alfred Kwame Asiedu Walker,IND,704,0.03%
2016,Ashanti Region,Ashanti Region,Others,Bridget Dzogbenuku,PPP,9969,0.46%
2016,Ashanti Region,Ashanti Region,Others,Nana Konadu Agyeman Rawlings,NDP,332,0.02%
2016,Brong Ahafo Region,Bono Region,NPP,Nana Akufo Addo,NPP,243904,60.30%
2016,Brong Ahafo Region,Bono Region,NDC,John Dramani Mahama,NDC,155488,38.44%
2016,Brong Ahafo Region,Bono Region,Others,Ivor Kobina Greenstreet,CPP,588,0.15%
2016,Brong Ahafo Region,Bono Region,Others,David Asibi Ayindenaba Apasera,PNC,441,0.11%
2016,Brong Ahafo Region,Bono Region,Others,Alfred Kwame Asiedu Walker,IND,385,0.10%
2016,Brong Ahafo Region,Bono Region,Others,Bridget Dzogbenuku,PPP,3296,0.81%
2016,Brong Ahafo Region,Bono Region,Others,Nana Konadu Agyeman Rawlings,NDP,130,0.03%
2016,Brong Ahafo Region,Bono East Region,NPP,Nana Akufo Addo,NPP,164104,45.83%
2016,Brong Ahafo Region,Bono East Region,NDC,John Dramani Mahama,NDC,189029,52.79%
2016,Brong Ahafo Region,Bono East Region,Others,Ivor Kobina Greenstreet,CPP,721,0.20%
2016,Brong Ahafo Region,Bono East Region,Others,David Asibi Ayindenaba Apasera,PNC,625,0.17%
2016,Brong Ahafo Region,Bono East Region,Others,Alfred Kwame Asiedu Walker,IND,187,0.05%
2016,Brong Ahafo Region,Bono East Region,Others,Bridget Dzogbenuku,PPP,2897,0.81%
2016,Brong Ahafo Region,Bono East Region,Others,Nana Konadu Agyeman Rawlings,NDP,186,0.05%
2016,Central Region,Central Region,NPP,Nana Akufo Addo,NPP,496668,53.22%
2016,Central Region,Central Region,NDC,John Dramani Mahama,NDC,405262,43.43%
2016,Central Region,Central Region,Others,Ivor Kobina Greenstreet,CPP,2541,0.27%
2016,Central Region,Central Region,Others,David Asibi Ayindenaba Apasera,PNC,800,0.09%
2016,Central Region,Central Region,Others,Alfred Kwame Asiedu Walker,IND,529,0.06%
2016,Central Region,Central Region,Others,Bridget Dzogbenuku,PPP,25737,2.76%
2016,Central Region,Central Region,Others,Nana Konadu Agyeman Rawlings,NDP,496,0.05%
2016,Eastern Region,Eastern Region,NPP,Nana Akufo Addo,NPP,678514,62.37%
2016,Eastern Region,Eastern Region,NDC,John Dramani Mahama,NDC,397786,36.56%
2016,Eastern Region,Eastern Region,Others,Ivor Kobina Greenstreet,CPP,2024,0.19%
2016,Eastern Region,Eastern Region,Others,David Asibi Ayindenaba Apasera,PNC,911,0.08%
2016,Eastern Region,Eastern Region,Others,Alfred Kwame Asiedu Walker,IND,539,0.05%
2016,Eastern Region,Eastern Region,Others,Bridget Dzogbenuku,PPP,6573,0.60%
2016,Eastern Region,Eastern Region,Others,Nana Konadu Agyeman Rawlings,NDP,397,0.04%
2016,Greater Accra Region,Greater Accra Region,NPP,Nana Akufo Addo,NPP,1062157,52.42%
2016,Greater Accra Region,Greater Accra Region,NDC,John Dramani Mahama,NDC,946048,46.69%
2016,Greater Accra Region,Greater Accra Region,Others,Ivor Kobina Greenstreet,CPP,2061,0.10%
2016,Greater Accra Region,Greater Accra Region,Others,David Asibi Ayindenaba Apasera,PNC,690,0.03%
2016,Greater Accra Region,Greater Accra Region,Others,Alfred Kwame Asiedu Walker,IND,462,0.02%
2016,Greater Accra Region,Greater Accra Region,Others,Bridget Dzogbenuku,PPP,12922,0.64%
2016,Greater Accra Region,Greater Accra Region,Others,Nana Konadu Agyeman Rawlings,NDP,1028,0.05%
2016,Northern Region,North East Region,NPP,Nana Akufo Addo,NPP,94066,49.38%
2016,Northern Region,North East Region,NDC,John Dramani Mahama,NDC,92395,48.50%
2016,Northern Region,North East Region,Others,Ivor Kobina Greenstreet,CPP,858,0.45%
2016,Northern Region,North East Region,Others,David Asibi Ayindenaba Apasera,PNC,966,0.51%
2016,Northern Region,North East Region,Others,Alfred Kwame Asiedu Walker,IND,304,0.16%
2016,Northern Region,North East Region,Others,Bridget Dzogbenuku,PPP,878,0.46%
2016,Northern Region,North East Region,Others,Nana Konadu Agyeman Rawlings,NDP,937,0.49%
2016,Northern Region,Northern Region,NPP,Nana Akufo Addo,NPP,286868,41.34%
2016,Northern Region,Northern Region,NDC,John Dramani Mahama,NDC,389132,56.08%
2016,Northern Region,Northern Region,Others,Ivor Kobina Greenstreet,CPP,4577,0.66%
2016,Northern Region,Northern Region,Others,David Asibi Ayindenaba Apasera,PNC,1864,0.27%
2016,Northern Region,Northern Region,Others,Alfred Kwame Asiedu Walker,IND,2269,0.33%
2016,Northern Region,Northern Region,Others,Bridget Dzogbenuku,PPP,8049,1.16%
2016,Northern Region,Northern Region,Others,Nana Konadu Agyeman Rawlings,NDP,337,0.05%
2016,Volta Region,Oti Region,NPP,Nana Akufo Addo,NPP,74275,34.58%
2016,Volta Region,Oti Region,NDC,John Dramani Mahama,NDC,136257,63.43%
2016,Volta Region,Oti Region,Others,Ivor Kobina Greenstreet,CPP,1012,0.47%
2016,Volta Region,Oti Region,Others,David Asibi Ayindenaba Apasera,PNC,471,0.22%
2016,Volta Region,Oti Region,Others,Alfred Kwame Asiedu Walker,IND,978,0.46%
2016,Volta Region,Oti Region,Others,Bridget Dzogbenuku,PPP,1215,0.57%
2016,Volta Region,Oti Region,Others,Nana Konadu Agyeman Rawlings,NDP,437,0.20%
2016,Northern Region,Savannah Region,NPP,Nana Akufo Addo,NPP,55485,33.36%
2016,Northern Region,Savannah Region,NDC,John Dramani Mahama,NDC,106256,63.89%
2016,Northern Region,Savannah Region,Others,Ivor Kobina Greenstreet,CPP,675,0.41%
2016,Northern Region,Savannah Region,Others,David Asibi Ayindenaba Apasera,PNC,603,0.36%
2016,Northern Region,Savannah Region,Others,Alfred Kwame Asiedu Walker,IND,571,0.34%
2016,Northern Region,Savannah Region,Others,Bridget Dzogbenuku,PPP,2244,1.35%
2016,Upper East Region,Upper East Region,NPP,Nana Akufo Addo,NPP,157398,34.93%
2016,Upper East Region,Upper East Region,NDC,John Dramani Mahama,NDC,271796,60.32%
2016,Upper East Region,Upper East Region,Others,Ivor Kobina Greenstreet,CPP,2565,0.57%
2016,Upper East Region,Upper East Region,Others,David Asibi Ayindenaba Apasera,PNC,6766,1.50%
2016,Upper East Region,Upper East Region,Others,Alfred Kwame Asiedu Walker,IND,2629,0.58%
2016,Upper East Region,Upper East Region,Others,Bridget Dzogbenuku,PPP,7231,1.60%
2016,Upper East Region,Upper East Region,Others,Nana Konadu Agyeman Rawlings,NDP,898,0.20%
2016,Upper West Region,Upper West Region,NPP,Nana Akufo Addo,NPP,102843,35.94%
2016,Upper West Region,Upper West Region,NDC,John Dramani Mahama,NDC,167032,58.37%
2016,Upper West Region,Upper West Region,Others,Ivor Kobina Greenstreet,CPP,1451,0.51%
2016,Upper West Region,Upper West Region,Others,David Asibi Ayindenaba Apasera,PNC,4963,1.73%
2016,Upper West Region,Upper West Region,Others,Alfred Kwame Asiedu Walker,IND,4456,1.56%
2016,Upper West Region,Upper West Region,Others,Bridget Dzogbenuku,PPP,4708,1.65%
2016,Upper West Region,Upper West Region,Others,Nana Konadu Agyeman Rawlings,NDP,392,0.14%
2016,Volta Region,Volta Region,NPP,Nana Akufo Addo,NPP,60802,10.81%
2016,Volta Region,Volta Region,NDC,John Dramani Mahama,NDC,493141,87.67%
2016,Volta Region,Volta Region,Others,Ivor Kobina Greenstreet,CPP,1584,0.28%
2016,Volta Region,Volta Region,Others,David Asibi Ayindenaba Apasera,PNC,538,0.10%
2016,Volta Region,Volta Region,Others,Alfred Kwame Asiedu Walker,IND,1143,0.20%
2016,Volta Region,Volta Region,Others,Bridget Dzogbenuku,PPP,3878,0.69%
2016,Volta Region,Volta Region,Others,Nana Konadu Agyeman Rawlings,NDP,546,0.10%
2016,Western Region,Western Region,NPP,Nana Akufo Addo,NPP,384211,55.83%
2016,Western Region,Western Region,NDC,John Dramani Mahama,NDC,285938,41.55%
2016,Western Region,Western Region,Others,Ivor Kobina Greenstreet,CPP,2570,0.37%
2016,Western Region,Western Region,Others,David Asibi Ayindenaba Apasera,PNC,923,0.13%
2016,Western Region,Western Region,Others,Alfred Kwame Asiedu Walker,IND,438,0.06%
2016,Western Region,Western Region,Others,Bridget Dzogbenuku,PPP,12693,1.84%
2016,Western Region,Western Region,Others,Nana Konadu Agyeman Rawlings,NDP,325,0.05%
2016,Western Region,Western North Region,NPP,Nana Akufo Addo,NPP,141948,44.86%
2016,Western Region,Western North Region,NDC,John Dramani Mahama,NDC,169900,53.70%
2016,Western Region,Western North Region,Others,Ivor Kobina Greenstreet,CPP,526,0.17%
2016,Western Region,Western North Region,Others,David Asibi Ayindenaba Apasera,PNC,393,0.12%
2016,Western Region,Western North Region,Others,Alfred Kwame Asiedu Walker,IND,295,0.09%
2016,Western Region,Western North Region,Others,Bridget Dzogbenuku,PPP,2950,0.93%
2016,Western Region,Western North Region,Others,Nana Konadu Agyeman Rawlings,NDP,189,0.06%
2012,Brong Ahafo Region,Ahafo Region,NPP,Nana Akufo Addo,NPP,115226,50.78%
2012,Brong Ahafo Region,Ahafo Region,NDC,John Dramani Mahama,NDC,109600,48.30%
2012,Brong Ahafo Region,Ahafo Region,Others,Ivor Kobina Greenstreet,CPP,228,0.10%
2012,Brong Ahafo Region,Ahafo Region,Others,David Asibi Ayindenaba Apasera,PNC,174,0.08%
2012,Brong Ahafo Region,Ahafo Region,Others,Alfred Kwame Asiedu Walker,IND,145,0.06%
2012,Brong Ahafo Region,Ahafo Region,Others,Bridget Dzogbenuku,PPP,610,0.27%
2012,Brong Ahafo Region,Ahafo Region,Others,Henry Herbert Lartey,GCPP,782,0.34%
2012,Ashanti Region,Ashanti Region,NPP,Nana Akufo Addo,NPP,1531152,70.86%
2012,Ashanti Region,Ashanti Region,NDC,John Dramani Mahama,NDC,612616,28.35%
2012,Ashanti Region,Ashanti Region,Others,Ivor Kobina Greenstreet,CPP,1802,0.08%
2012,Ashanti Region,Ashanti Region,Others,David Asibi Ayindenaba Apasera,PNC,1355,0.06%
2012,Ashanti Region,Ashanti Region,Others,Alfred Kwame Asiedu Walker,IND,823,0.04%
2012,Ashanti Region,Ashanti Region,Others,Bridget Dzogbenuku,PPP,6594,0.31%
2012,Ashanti Region,Ashanti Region,Others,Henry Herbert Lartey,GCPP,5483,0.25%
2012,Brong Ahafo Region,Bono Region,NPP,Nana Akufo Addo,NPP,216993,52.75%
2012,Brong Ahafo Region,Bono Region,NDC,John Dramani Mahama,NDC,189731,46.12%
2012,Brong Ahafo Region,Bono Region,Others,Ivor Kobina Greenstreet,CPP,517,0.13%
2012,Brong Ahafo Region,Bono Region,Others,David Asibi Ayindenaba Apasera,PNC,400,0.10%
2012,Brong Ahafo Region,Bono Region,Others,Alfred Kwame Asiedu Walker,IND,291,0.07%
2012,Brong Ahafo Region,Bono Region,Others,Bridget Dzogbenuku,PPP,1710,0.42%
2012,Brong Ahafo Region,Bono Region,Others,Henry Herbert Lartey,GCPP,1502,0.37%
2012,Brong Ahafo Region,Bono East Region,NPP,Nana Akufo Addo,NPP,137690,38.83%
2012,Brong Ahafo Region,Bono East Region,NDC,John Dramani Mahama,NDC,211913,59.76%
2012,Brong Ahafo Region,Bono East Region,Others,Ivor Kobina Greenstreet,CPP,584,0.16%
2012,Brong Ahafo Region,Bono East Region,Others,David Asibi Ayindenaba Apasera,PNC,595,0.17%
2012,Brong Ahafo Region,Bono East Region,Others,Alfred Kwame Asiedu Walker,IND,592,0.17%
2012,Brong Ahafo Region,Bono East Region,Others,Bridget Dzogbenuku,PPP,1366,0.39%
2012,Brong Ahafo Region,Bono East Region,Others,Henry Herbert Lartey,GCPP,1559,0.44%
2012,Central Region,Central Region,NPP,Nana Akufo Addo,NPP,430135,45.53%
2012,Central Region,Central Region,NDC,John Dramani Mahama,NDC,492374,52.12%
2012,Central Region,Central Region,Others,Ivor Kobina Greenstreet,CPP,1295,0.14%
2012,Central Region,Central Region,Others,David Asibi Ayindenaba Apasera,PNC,1072,0.11%
2012,Central Region,Central Region,Others,Alfred Kwame Asiedu Walker,IND,963,0.10%
2012,Central Region,Central Region,Others,Bridget Dzogbenuku,PPP,13873,1.47%
2012,Central Region,Central Region,Others,Henry Herbert Lartey,GCPP,4258,0.45%
2012,Eastern Region,Eastern Region,NPP,Nana Akufo Addo,NPP,641074,56.30%
2012,Eastern Region,Eastern Region,NDC,John Dramani Mahama,NDC,485187,42.61%
2012,Eastern Region,Eastern Region,Others,Ivor Kobina Greenstreet,CPP,1319,0.12%
2012,Eastern Region,Eastern Region,Others,David Asibi Ayindenaba Apasera,PNC,1016,0.09%
2012,Eastern Region,Eastern Region,Others,Alfred Kwame Asiedu Walker,IND,820,0.07%
2012,Eastern Region,Eastern Region,Others,Bridget Dzogbenuku,PPP,4923,0.43%
2012,Eastern Region,Eastern Region,Others,Henry Herbert Lartey,GCPP,3753,0.33%
2012,Greater Accra Region,Greater Accra Region,NPP,Nana Akufo Addo,NPP,1009787,46.92%
2012,Greater Accra Region,Greater Accra Region,NDC,John Dramani Mahama,NDC,1125751,52.31%
2012,Greater Accra Region,Greater Accra Region,Others,Ivor Kobina Greenstreet,CPP,2578,0.12%
2012,Greater Accra Region,Greater Accra Region,Others,David Asibi Ayindenaba Apasera,PNC,1071,0.05%
2012,Greater Accra Region,Greater Accra Region,Others,Alfred Kwame Asiedu Walker,IND,835,0.04%
2012,Greater Accra Region,Greater Accra Region,Others,Bridget Dzogbenuku,PPP,9532,0.44%
2012,Greater Accra Region,Greater Accra Region,Others,Henry Herbert Lartey,GCPP,2276,0.11%
2012,Northern Region,North East Region,NPP,Nana Akufo Addo,NPP,73384,44.86%
2012,Northern Region,North East Region,NDC,John Dramani Mahama,NDC,85283,52.13%
2012,Northern Region,North East Region,Others,Ivor Kobina Greenstreet,CPP,581,0.36%
2012,Northern Region,North East Region,Others,David Asibi Ayindenaba Apasera,PNC,1481,0.91%
2012,Northern Region,North East Region,Others,Alfred Kwame Asiedu Walker,IND,602,0.37%
2012,Northern Region,North East Region,Others,Bridget Dzogbenuku,PPP,769,0.47%
2012,Northern Region,North East Region,Others,Henry Herbert Lartey,GCPP,1061,0.65%
2012,Northern Region,Northern Region,NPP,Nana Akufo Addo,NPP,255454,38.78%
2012,Northern Region,Northern Region,NDC,John Dramani Mahama,NDC,385906,58.59%
2012,Northern Region,Northern Region,Others,Ivor Kobina Greenstreet,CPP,2765,0.42%
2012,Northern Region,Northern Region,Others,David Asibi Ayindenaba Apasera,PNC,1404,0.21%
2012,Northern Region,Northern Region,Others,Alfred Kwame Asiedu Walker,IND,2128,0.32%
2012,Northern Region,Northern Region,Others,Bridget Dzogbenuku,PPP,5798,0.88%
2012,Northern Region,Northern Region,Others,Henry Herbert Lartey,GCPP,4025,0.61%
2012,Volta Region,Oti Region,NPP,Nana Akufo Addo,NPP,64207,28.44%
2012,Volta Region,Oti Region,NDC,John Dramani Mahama,NDC,155343,68.81%
2012,Volta Region,Oti Region,Others,Ivor Kobina Greenstreet,CPP,880,0.39%
2012,Volta Region,Oti Region,Others,David Asibi Ayindenaba Apasera,PNC,658,0.29%
2012,Volta Region,Oti Region,Others,Alfred Kwame Asiedu Walker,IND,1430,0.63%
2012,Volta Region,Oti Region,Others,Bridget Dzogbenuku,PPP,1141,0.51%
2012,Volta Region,Oti Region,Others,Henry Herbert Lartey,GCPP,1592,0.71%
2012,Northern Region,Savannah Region,NPP,Nana Akufo Addo,NPP,54425,34.51%
2012,Northern Region,Savannah Region,NDC,John Dramani Mahama,NDC,99413,63.04%
2012,Northern Region,Savannah Region,Others,Ivor Kobina Greenstreet,CPP,799,0.51%
2012,Northern Region,Savannah Region,Others,David Asibi Ayindenaba Apasera,PNC,472,0.30%
2012,Northern Region,Savannah Region,Others,Alfred Kwame Asiedu Walker,IND,381,0.24%
2012,Northern Region,Savannah Region,Others,Bridget Dzogbenuku,PPP,736,0.47%
2012,Northern Region,Savannah Region,Others,Henry Herbert Lartey,GCPP,1191,0.76%
2012,Upper East Region,Upper East Region,NPP,Nana Akufo Addo,NPP,120814,29.29%
2012,Upper East Region,Upper East Region,NDC,John Dramani Mahama,NDC,274019,66.44%
2012,Upper East Region,Upper East Region,Others,Ivor Kobina Greenstreet,CPP,1098,0.27%
2012,Upper East Region,Upper East Region,Others,David Asibi Ayindenaba Apasera,PNC,8017,1.94%
2012,Upper East Region,Upper East Region,Others,Alfred Kwame Asiedu Walker,IND,1426,0.35%
2012,Upper East Region,Upper East Region,Others,Bridget Dzogbenuku,PPP,2805,0.68%
2012,Upper East Region,Upper East Region,Others,Henry Herbert Lartey,GCPP,3026,0.73%
2012,Upper West Region,Upper West Region,NPP,Nana Akufo Addo,NPP,83098,29.26%
2012,Upper West Region,Upper West Region,NDC,John Dramani Mahama,NDC,186134,65.54%
2012,Upper West Region,Upper West Region,Others,Ivor Kobina Greenstreet,CPP,813,0.29%
2012,Upper West Region,Upper West Region,Others,David Asibi Ayindenaba Apasera,PNC,4933,1.74%
2012,Upper West Region,Upper West Region,Others,Alfred Kwame Asiedu Walker,IND,2790,0.98%
2012,Upper West Region,Upper West Region,Others,Bridget Dzogbenuku,PPP,3095,1.09%
2012,Upper West Region,Upper West Region,Others,Henry Herbert Lartey,GCPP,2610,0.92%
2012,Volta Region,Volta Region,NPP,Nana Akufo Addo,NPP,46942,7.41%
2012,Volta Region,Volta Region,NDC,John Dramani Mahama,NDC,579298,91.39%
2012,Volta Region,Volta Region,Others,Ivor Kobina Greenstreet,CPP,1307,0.21%
2012,Volta Region,Volta Region,Others,David Asibi Ayindenaba Apasera,PNC,695,0.11%
2012,Volta Region,Volta Region,Others,Alfred Kwame Asiedu Walker,IND,760,0.12%
2012,Volta Region,Volta Region,Others,Bridget Dzogbenuku,PPP,2811,0.44%
2012,Volta Region,Volta Region,Others,Henry Herbert Lartey,GCPP,1647,0.26%
2012,Western Region,Western Region,NPP,Nana Akufo Addo,NPP,342217,47.69%
2012,Western Region,Western Region,NDC,John Dramani Mahama,NDC,360542,50.24%
2012,Western Region,Western Region,Others,Ivor Kobina Greenstreet,CPP,3317,0.46%
2012,Western Region,Western Region,Others,David Asibi Ayindenaba Apasera,PNC,879,0.12%
2012,Western Region,Western Region,Others,Alfred Kwame Asiedu Walker,IND,762,0.11%
2012,Western Region,Western Region,Others,Bridget Dzogbenuku,PPP,7261,1.01%
2012,Western Region,Western Region,Others,Henry Herbert Lartey,GCPP,2160,0.30%
2012,Western Region,Western North Region,NPP,Nana Akufo Addo,NPP,126300,35.87%
2012,Western Region,Western North Region,NDC,John Dramani Mahama,NDC,221651,62.95%
2012,Western Region,Western North Region,Others,Ivor Kobina Greenstreet,CPP,440,0.12%
2012,Western Region,Western North Region,Others,David Asibi Ayindenaba Apasera,PNC,395,0.11%
2012,Western Region,Western North Region,Others,Alfred Kwame Asiedu Walker,IND,453,0.13%
2012,Western Region,Western North Region,Others,Bridget Dzogbenuku,PPP,1338,0.38%
2012,Western Region,Western North Region,Others,Henry Herbert Lartey,GCPP,1298,0.37%
2008,Ashanti Region,Ashanti Region,NPP,Nana Addo,NPP,1214350,72.40%
2008,Ashanti Region,Ashanti Region,NDC,J. A Mills,NDC,438234,26.13%
2008,Ashanti Region,Ashanti Region,Others,Papa K. Nduom,CPP,11937,0.71%
2008,Ashanti Region,Ashanti Region,Others,Edward Mahama,PNC,5464,0.33%
2008,Ashanti Region,Ashanti Region,Others,Kwesi Amoafo-Yeboah,IND,2517,0.15%
2008,Brong Ahafo Region,Brong Ahafo Region,NPP,Nana Addo,NPP,392588,50.56%
2008,Brong Ahafo Region,Brong Ahafo Region,NDC,J. A Mills,NDC,370404,47.70%
2008,Brong Ahafo Region,Brong Ahafo Region,Others,Papa K. Nduom,CPP,3988,0.51%
2008,Brong Ahafo Region,Brong Ahafo Region,Others,Edward Mahama,PNC,4038,0.52%
2008,Brong Ahafo Region,Brong Ahafo Region,Others,Kwesi Amoafo-Yeboah,IND,1696,0.22%
2008,Central Region,Central Region,NPP,Nana Addo,NPP,313665,45.97%
2008,Central Region,Central Region,NDC,J. A Mills,NDC,345126,50.58%
2008,Central Region,Central Region,Others,Papa K. Nduom,CPP,15449,2.26%
2008,Central Region,Central Region,Others,Edward Mahama,PNC,2693,0.39%
2008,Central Region,Central Region,Others,Kwesi Amoafo-Yeboah,IND,1334,0.20%
2008,Eastern Region,Eastern Region,NPP,Nana Addo,NPP,491520,57.14%
2008,Eastern Region,Eastern Region,NDC,J. A Mills,NDC,353522,41.10%
2008,Eastern Region,Eastern Region,Others,Papa K. Nduom,CPP,8101,0.94%
2008,Eastern Region,Eastern Region,Others,Edward Mahama,PNC,2948,0.34%
2008,Eastern Region,Eastern Region,Others,Kwesi Amoafo-Yeboah,IND,1274,0.15%
2008,Greater Accra Region,Greater Accra Region,NPP,Nana Addo,NPP,766448,46.35%
2008,Greater Accra Region,Greater Accra Region,NDC,J. A Mills,NDC,856510,51.80%
2008,Greater Accra Region,Greater Accra Region,Others,Papa K. Nduom,CPP,20582,1.24%
2008,Greater Accra Region,Greater Accra Region,Others,Edward Mahama,PNC,6174,0.37%
2008,Greater Accra Region,Greater Accra Region,Others,Kwesi Amoafo-Yeboah,IND,535,0.03%
2008,Northern Region,Northern Region,NPP,Nana Addo,NPP,314311,38.01%
2008,Northern Region,Northern Region,NDC,J. A Mills,NDC,469524,56.78%
2008,Northern Region,Northern Region,Others,Papa K. Nduom,CPP,10944,1.32%
2008,Northern Region,Northern Region,Others,Edward Mahama,PNC,20376,2.46%
2008,Northern Region,Northern Region,Others,Kwesi Amoafo-Yeboah,IND,3223,0.39%
2008,Upper East Region,Upper East Region,NPP,Nana Addo,NPP,118454,35.25%
2008,Upper East Region,Upper East Region,NDC,J. A Mills,NDC,188405,56.06%
2008,Upper East Region,Upper East Region,Others,Papa K. Nduom,CPP,2800,0.83%
2008,Upper East Region,Upper East Region,Others,Edward Mahama,PNC,20349,6.06%
2008,Upper East Region,Upper East Region,Others,Kwesi Amoafo-Yeboah,IND,2558,0.76%
2008,Upper West Region,Upper West Region,NPP,Nana Addo,NPP,81137,37.72%
2008,Upper West Region,Upper West Region,NDC,J. A Mills,NDC,116922,54.36%
2008,Upper West Region,Upper West Region,Others,Papa K. Nduom,CPP,1610,0.75%
2008,Upper West Region,Upper West Region,Others,Edward Mahama,PNC,8625,4.01%
2008,Upper West Region,Upper West Region,Others,Kwesi Amoafo-Yeboah,IND,3216,1.50%
2008,Volta Region,Volta Region,NPP,Nana Addo,NPP,99584,14.98%
2008,Volta Region,Volta Region,NDC,J. A Mills,NDC,551046,82.88%
2008,Volta Region,Volta Region,Others,Papa K. Nduom,CPP,4817,0.72%
2008,Volta Region,Volta Region,Others,Edward Mahama,PNC,3271,0.49%
2008,Volta Region,Volta Region,Others,Kwesi Amoafo-Yeboah,IND,1753,0.26%
2008,Western Region,Western Region,NPP,Nana Addo,NPP,394521,46.85%
2008,Western Region,Western Region,NDC,J. A Mills,NDC,399620,47.46%
2008,Western Region,Western Region,Others,Papa K. Nduom,CPP,36656,4.35%
2008,Western Region,Western Region,Others,Edward Mahama,PNC,3580,0.43%
2008,Western Region,Western Region,Others,Kwesi Amoafo-Yeboah,IND,1671,0.20%
2004,Ashanti Region,Ashanti Region,NPP,J. A. Kuffour,NPP,1235395,74.61%
2004,Ashanti Region,Ashanti Region,NDC,J. A. Mills,NDC,398362,24.06%
2004,Ashanti Region,Ashanti Region,Others,George Aggudey,CPP,7921,0.48%
2004,Ashanti Region,Ashanti Region,Others,Edward Mahama,PNC,14082,0.85%
2004,Brong Ahafo Region,Brong Ahafo Region,NPP,J. A. Kuffour,NPP,396461,51.96%
2004,Brong Ahafo Region,Brong Ahafo Region,NDC,J. A. Mills,NDC,351384,46.05%
2004,Brong Ahafo Region,Brong Ahafo Region,Others,George Aggudey,CPP,5854,0.77%
2004,Brong Ahafo Region,Brong Ahafo Region,Others,Edward Mahama,PNC,9306,1.22%
2004,Central Region,Central Region,NPP,J. A. Kuffour,NPP,414339,59.14%
2004,Central Region,Central Region,NDC,J. A. Mills,NDC,277433,39.60%
2004,Central Region,Central Region,Others,George Aggudey,CPP,9981,1.42%
2004,Central Region,Central Region,Others,Edward Mahama,PNC,5718,0.82%
2004,Eastern Region,Eastern Region,NPP,J. A. Kuffour,NPP,554933,60.27%
2004,Eastern Region,Eastern Region,NDC,J. A. Mills,NDC,353356,38.38%
2004,Eastern Region,Eastern Region,Others,George Aggudey,CPP,6851,0.74%
2004,Eastern Region,Eastern Region,Others,Edward Mahama,PNC,5532,0.60%
2004,Greater Accra Region,Greater Accra Region,NPP,J. A. Kuffour,NPP,910159,51.99%
2004,Greater Accra Region,Greater Accra Region,NDC,J. A. Mills,NDC,811883,46.37%
2004,Greater Accra Region,Greater Accra Region,Others,George Aggudey,CPP,12600,0.72%
2004,Greater Accra Region,Greater Accra Region,Others,Edward Mahama,PNC,16065,0.92%
2004,Northern Region,Northern Region,NPP,J. A. Kuffour,NPP,283091,35.90%
2004,Northern Region,Northern Region,NDC,J. A. Mills,NDC,443404,56.23%
2004,Northern Region,Northern Region,Others,George Aggudey,CPP,13689,1.74%
2004,Northern Region,Northern Region,Others,Edward Mahama,PNC,48302,6.13%
2004,Upper East Region,Upper East Region,NPP,J. A. Kuffour,NPP,106003,31.66%
2004,Upper East Region,Upper East Region,NDC,J. A. Mills,NDC,180462,53.90%
2004,Upper East Region,Upper East Region,Others,George Aggudey,CPP,5860,1.75%
2004,Upper East Region,Upper East Region,Others,Edward Mahama,PNC,42460,12.68%
2004,Upper West Region,Upper West Region,NPP,J. A. Kuffour,NPP,68238,32.23%
2004,Upper West Region,Upper West Region,NDC,J. A. Mills,NDC,119982,56.67%
2004,Upper West Region,Upper West Region,Others,George Aggudey,CPP,3209,1.52%
2004,Upper West Region,Upper West Region,Others,Edward Mahama,PNC,20306,9.59%
2004,Volta Region,Volta Region,NPP,J. A. Kuffour,NPP,100659,14.26%
2004,Volta Region,Volta Region,NDC,J. A. Mills,NDC,591696,83.83%
2004,Volta Region,Volta Region,Others,George Aggudey,CPP,7021,0.99%
2004,Volta Region,Volta Region,Others,Edward Mahama,PNC,6451,0.91%
2004,Western Region,Western Region,NPP,J. A. Kuffour,NPP,487528,56.78%
2004,Western Region,Western Region,NDC,J. A. Mills,NDC,348987,40.65%
2004,Western Region,Western Region,Others,George Aggudey,CPP,14768,1.72%
2004,Western Region,Western Region,Others,Edward Mahama,PNC,7318,0.85%
2000,Ashanti Region,Ashanti Region,NPP,J. A. Kuffour,NPP,1997256,77.51%
2000,Ashanti Region,Ashanti Region,NDC,J. A. Mills,NDC,537190,20.85%
2000,Ashanti Region,Ashanti Region,Others,George Hagan,CPP,5911,0.23%
2000,Ashanti Region,Ashanti Region,Others,Edward Mahama,PNC,16863,0.65%
2000,Ashanti Region,Ashanti Region,Others,Dan Lartey,GCPP,6722,0.26%
2000,Brong Ahafo Region,Brong Ahafo Region,NPP,J. A. Kuffour,NPP,649473,54.38%
2000,Brong Ahafo Region,Brong Ahafo Region,NDC,J. A. Mills,NDC,515765,43.18%
2000,Brong Ahafo Region,Brong Ahafo Region,Others,George Hagan,CPP,4045,0.34%
2000,Brong Ahafo Region,Brong Ahafo Region,Others,Edward Mahama,PNC,10447,0.87%
2000,Brong Ahafo Region,Brong Ahafo Region,Others,Dan Lartey,GCPP,6334,0.53%
2000,Central Region,Central Region,NPP,J. A. Kuffour,NPP,559844,55.53%
2000,Central Region,Central Region,NDC,J. A. Mills,NDC,417790,41.44%
2000,Central Region,Central Region,Others,George Hagan,CPP,13116,1.30%
2000,Central Region,Central Region,Others,Edward Mahama,PNC,2648,0.26%
2000,Central Region,Central Region,Others,Dan Lartey,GCPP,6398,0.63%
2000,Eastern Region,Eastern Region,NPP,J. A. Kuffour,NPP,856789,58.62%
2000,Eastern Region,Eastern Region,NDC,J. A. Mills,NDC,577317,39.50%
2000,Eastern Region,Eastern Region,Others,George Hagan,CPP,6799,0.47%
2000,Eastern Region,Eastern Region,Others,Edward Mahama,PNC,4525,0.31%
2000,Eastern Region,Eastern Region,Others,Dan Lartey,GCPP,6841,0.47%
2000,Greater Accra Region,Greater Accra Region,NPP,J. A. Kuffour,NPP,1206243,56.16%
2000,Greater Accra Region,Greater Accra Region,NDC,J. A. Mills,NDC,888971,41.39%
2000,Greater Accra Region,Greater Accra Region,Others,George Hagan,CPP,10599,0.49%
2000,Greater Accra Region,Greater Accra Region,Others,Edward Mahama,PNC,16469,0.77%
2000,Greater Accra Region,Greater Accra Region,Others,Dan Lartey,GCPP,6262,0.29%
2000,Northern Region,Northern Region,NPP,J. A. Kuffour,NPP,495903,44.82%
2000,Northern Region,Northern Region,NDC,J. A. Mills,NDC,563049,50.88%
2000,Northern Region,Northern Region,Others,George Hagan,CPP,38725,3.50%
2000,Northern Region,Northern Region,Others,Edward Mahama,PNC,45870,4.15%
2000,Northern Region,Northern Region,Others,Dan Lartey,GCPP,10268,0.93%
2000,Upper East Region,Upper East Region,NPP,J. A. Kuffour,NPP,177822,31.80%
2000,Upper East Region,Upper East Region,NDC,J. A. Mills,NDC,297133,53.14%
2000,Upper East Region,Upper East Region,Others,George Hagan,CPP,3956,0.71%
2000,Upper East Region,Upper East Region,Others,Edward Mahama,PNC,57430,10.27%
2000,Upper East Region,Upper East Region,Others,Dan Lartey,GCPP,8124,1.45%
2000,Upper West Region,Upper West Region,NPP,J. A. Kuffour,NPP,91877,26.44%
2000,Upper West Region,Upper West Region,NDC,J. A. Mills,NDC,215878,62.13%
2000,Upper West Region,Upper West Region,Others,George Hagan,CPP,2336,0.67%
2000,Upper West Region,Upper West Region,Others,Edward Mahama,PNC,27824,8.01%
2000,Upper West Region,Upper West Region,Others,Dan Lartey,GCPP,3818,1.10%
2000,Volta Region,Volta Region,NPP,J. A. Kuffour,NPP,126607,10.10%
2000,Volta Region,Volta Region,NDC,J. A. Mills,NDC,1095333,87.40%
2000,Volta Region,Volta Region,Others,George Hagan,CPP,7864,0.63%
2000,Volta Region,Volta Region,Others,Edward Mahama,PNC,2638,0.21%
2000,Volta Region,Volta Region,Others,Dan Lartey,GCPP,8043,0.64%
2000,Western Region,Western Region,NPP,J. A. Kuffour,NPP,604107,54.91%
2000,Western Region,Western Region,NDC,J. A. Mills,NDC,466478,42.40%
2000,Western Region,Western Region,Others,George Hagan,CPP,16039,1.46%
2000,Western Region,Western Region,Others,Edward Mahama,PNC,3403,0.31%
2000,Western Region,Western Region,Others,Dan Lartey,GCPP,4666,0.42%
1996,Ashanti Region,Ashanti Region,NPP,J. A. Kuffour,NPP,827804,65.80%
1996,Ashanti Region,Ashanti Region,NDC,J. J. Rawlings,NDC,412474,32.79%
1996,Ashanti Region,Ashanti Region,Others,Edward Mahama,PNC,17736,1.41%
1996,Brong Ahafo Region,Brong Ahafo Region,NPP,J. A. Kuffour,NPP,230457,35.98%
1996,Brong Ahafo Region,Brong Ahafo Region,NDC,J. J. Rawlings,NDC,395381,61.73%
1996,Brong Ahafo Region,Brong Ahafo Region,Others,Edward Mahama,PNC,14635,2.29%
1996,Central Region,Central Region,NPP,J. A. Kuffour,NPP,259555,43.32%
1996,Central Region,Central Region,NDC,J. J. Rawlings,NDC,330841,55.22%
1996,Central Region,Central Region,Others,Edward Mahama,PNC,8715,1.45%
1996,Eastern Region,Eastern Region,NPP,J. A. Kuffour,NPP,384597,45.04%
1996,Eastern Region,Eastern Region,NDC,J. J. Rawlings,NDC,459092,53.76%
1996,Eastern Region,Eastern Region,Others,Edward Mahama,PNC,10251,1.20%
1996,Greater Accra Region,Greater Accra Region,NPP,J. A. Kuffour,NPP,528484,43.32%
1996,Greater Accra Region,Greater Accra Region,NDC,J. J. Rawlings,NDC,658626,53.99%
1996,Greater Accra Region,Greater Accra Region,Others,Edward Mahama,PNC,32723,2.68%
1996,Northern Region,Northern Region,NPP,J. A. Kuffour,NPP,199801,33.01%
1996,Northern Region,Northern Region,NDC,J. J. Rawlings,NDC,370030,61.13%
1996,Northern Region,Northern Region,Others,Edward Mahama,PNC,35472,5.86%
1996,Upper East Region,Upper East Region,NPP,J. A. Kuffour,NPP,58041,17.35%
1996,Upper East Region,Upper East Region,NDC,J. J. Rawlings,NDC,230791,68.99%
1996,Upper East Region,Upper East Region,Others,Edward Mahama,PNC,45696,13.66%
1996,Upper West Region,Upper West Region,NPP,J. A. Kuffour,NPP,21871,11.19%
1996,Upper West Region,Upper West Region,NDC,J. J. Rawlings,NDC,145812,74.61%
1996,Upper West Region,Upper West Region,Others,Edward Mahama,PNC,27754,14.20%
1996,Volta Region,Volta Region,NPP,J. A. Kuffour,NPP,34538,4.73%
1996,Volta Region,Volta Region,NDC,J. J. Rawlings,NDC,690421,94.55%
1996,Volta Region,Volta Region,Others,Edward Mahama,PNC,5292,0.72%
1996,Western Region,Western Region,NPP,J. A. Kuffour,NPP,289730,40.89%
1996,Western Region,Western Region,NDC,J. J. Rawlings,NDC,405992,57.30%
1996,Western Region,Western Region,Others,Edward Mahama,PNC,12862,1.82%
1992,Ashanti Region,Ashanti Region,NPP,Albert Adu Boahen,NPP,431380,60.54%
1992,Ashanti Region,Ashanti Region,NDC,Jerry John Rawlings,NDC,234237,32.87%
1992,Ashanti Region,Ashanti Region,Others,Others,Others,46967,6.59%
1992,Brong Ahafo Region,Brong Ahafo Region,NPP,Albert Adu Boahen,NPP,116041,29.54%
1992,Brong Ahafo Region,Brong Ahafo Region,NDC,Jerry John Rawlings,NDC,243361,61.95%
1992,Brong Ahafo Region,Brong Ahafo Region,Others,Others,Others,33462,8.53%
1992,Central Region,Central Region,NPP,Albert Adu Boahen,NPP,86683,25.95%
1992,Central Region,Central Region,NDC,Jerry John Rawlings,NDC,222092,66.49%
1992,Central Region,Central Region,Others,Others,Others,25251,7.56%
1992,Eastern Region,Eastern Region,NPP,Albert Adu Boahen,NPP,194724,42.66%
1992,Eastern Region,Eastern Region,NDC,Jerry John Rawlings,NDC,240076,52.60%
1992,Eastern Region,Eastern Region,Others,Others,Others,21639,4.75%
1992,Greater Accra Region,Greater Accra Region,NPP,Albert Adu Boahen,NPP,188000,37.05%
1992,Greater Accra Region,Greater Accra Region,NDC,Jerry John Rawlings,NDC,270825,53.37%
1992,Greater Accra Region,Greater Accra Region,Others,Others,Others,48619,9.59%
1992,Northern Region,Northern Region,NPP,Albert Adu Boahen,NPP,52539,16.30%
1992,Northern Region,Northern Region,NDC,Jerry John Rawlings,NDC,203004,62.97%
1992,Northern Region,Northern Region,Others,Others,Others,66849,20.74%
1992,Upper East Region,Upper East Region,NPP,Albert Adu Boahen,NPP,21164,10.48%
1992,Upper East Region,Upper East Region,NDC,Jerry John Rawlings,NDC,108999,53.97%
1992,Upper East Region,Upper East Region,Others,Others,Others,71783,35.55%
1992,Upper West Region,Upper West Region,NPP,Albert Adu Boahen,NPP,11535,8.90%
1992,Upper West Region,Upper West Region,NDC,Jerry John Rawlings,NDC,66049,50.96%
1992,Upper West Region,Upper West Region,Others,Others,Others,52016,40.13%
1992,Volta Region,Volta Region,NPP,Albert Adu Boahen,NPP,17295,3.61%
1992,Volta Region,Volta Region,NDC,Jerry John Rawlings,NDC,446365,93.24%
1992,Volta Region,Volta Region,Others,Others,Others,15070,3.15%
1992,Western Region,Western Region,NPP,Albert Adu Boahen,NPP,89800,22.78%
1992,Western Region,Western Region,NDC,Jerry John Rawlings,NDC,239477,60.74%
1992,Western Region,Western Region,Others,Others,Others,65009,16.49%
